 Name,Eng Name,G,Month,Date,Media,Role,Reason,Notes,Location,District,Link
محمد سامي عبد الله جرغون,Mohammed Sami Abdullah Jarghoun,M,2023-10-01,2023-10-07,Smart Media,journalist,Combatant,,Rafah,East of Rafah,https://x.com/MiddleEastBuka/status/1933125048878895242
ابراهيم محمد عبد الله لافى,Ibrahim Mohammed Abdullah Lafii,M,2023-10-01,2023-10-07,Ain Media Company,Photographer ,,,Beit Hanoun ,(Erez) checkpoint,
محمد تهامي عبد السلام الصالحي,Mohammed Tahami Abdel Salam Al-Salehi,M,2023-10-01,2023-10-07,Fourth Authority,photojournalist ,Combatant,,Central Gaza Strip,Israeli Territory,https://x.com/MiddleEastBuka/status/1933132132471206117
اسعد عبد الناصر اسعد شملخ,Asaad Abdel Nasser Asaad Shamlakh,M,2023-10-01,2023-10-08,Freelance ,photojournalist ,Combatant,killed along with 9 members of his family in an Israeli airstrike on their home in Sheikh Ijlin,Gaza City,Sheikh Ajleen,https://x.com/MiddleEastBuka/status/1933144624765325398
انغام احمد محمد عدوان,Angham Ahmed Muhammad Adwan,F,2023-10-01,2023-10-09,Libyan February Channel,correspondent ,,,Jabalia Camp,,
أنس أبو شمالة,Anas Abu Shamala,M,2023-10-01,2023-10-09,Freelance ,journalist ,Combatant,,Deir Al-Balah,,https://x.com/MiddleEastBuka/status/1933183688373612991
سلام خليل ميمة,Salam Khalil Mayma,F,2023-10-01,2023-10-10,freelance ,journalist ,,5 Family Members Killed in Same Attack,Jabalia Camp,,
عبد الرحمن شهاب,Abdalrahamun Shehab,M,2023-10-01,2023-10-10,Unknown,writer and political analyst,,"38 Family Members Killed in Same Attack
He was a freed prisoner who spent 23 years in the occupation prisons before being released in the Wafa al-Ahrar deal",Jabalia,,
محمد رزق صبح,Mohammad Rizq Sobh,M,2023-10-01,2023-10-10,“Khabar” News Agency,photographer ,,Sobh was killed in the same strike that also killed Saeed al-Taweel and Hisham Alnwajha.,Gaza City,Rimal,
هشام النواجحة,Hisham Al-Nawajiha,M,2023-10-01,2023-10-10,“Khabar” News Agency,journalist,,killed in the same strike that also killed Saeed al-Taweel and Hisham Alnwajha.,Gaza City,Rimal,
سعيد رضوان الطويل,Saeed Al-Taweel,M,2023-10-01,2023-10-10,Al-Khamsa News,editor-in-chief,,was killed in the same strike that also killed journalists Mohammed Sobh and Hisham Alnwajha.,Gaza City,Rimal,
رجب محمد رجب النقيب,Rajab Al-Naqeeb,M,2023-10-01,2023-10-11,freelancer,,,"was killed along with his wife, children, parents and all his siblings",Gaza City,,
مصطفى محمد رجب النقيب,Mustafa Mohamed Rajab Al-Naqeeb,M,2023-10-01,2023-10-11,freelancer,journalist ,,alonside his family and his daughter.,Deir al-Balah,,
محمد أبو مطر,Mohammad Abu Matar,M,2023-10-01,2023-10-11,Freelance ,photojournalist ,Combatant,,Rafah,,https://x.com/MiddleEastBuka/status/1933259642143981684
أحمد شهاب,Ahmed Shehab,M,2023-10-01,2023-10-12,"Voice of Prisoners Radio Ahmed Sheha
Sowt Al-Asra Radio ",producer/journalist,,4 Family Members Killed in Same Attack,Jabalia Camp,,
حسام محمود حسن مبارك,Hossam Mahmoud Hassan Mubarak,M,2023-10-01,2023-10-13,Al-Aqsa TV/ Radio,Presenter/Journalist,,,Beit Lahia,,
علي نسمان,Ali Nisman,M,2023-10-01,2023-10-13,,blogger ,,,,,
يوسف ماهر يوسف دواس,Yousef Maher Yousef Dawwas,M,2023-10-01,2023-10-14,Palestine Chronicle,Contributed articles,,27 Family Members Killed in Same Attack,Beit Lahia,,
عبد الهادي حبيب,Abdulhadi Habib,M,2023-10-01,2023-10-16,"Al-Manara News Agency
HQ News Agenc
UNRWA Education Television",Journalist,,Family members killed (3),Gaza City,Zeitoun ,
محمود أبو ظريفة,Mahmoud Abu Zarifa,M,2023-10-01,2023-10-17,Saudi Cultural Center,Editor-in-Chief,,,Khan Yunis ,,
محمد جميل محمد بعلوشة,Muhammad Jamil Muhammad Baalousha,M,2023-10-01,2023-10-17,Palestine Today,"journalist 
the administrative
 financial manager",,11 Family Members Killed in Same Attack,North Gaza Strip,Saftawi,
عصام بهار,Issam Bahar,M,2023-10-01,2023-10-17,Al-Aqsa TV/ Radio,journalist ,,A Family Member Killed in Same Attack,North Gaza Strip,,
عبد الرحمن سمير الطناني,Abdurrahman Samir Al-Tanan,M,2023-10-01,2023-10-18,Sawt Al-Shaab (Voice of the people) radio,Journalist ,,,Jabalia,,
سميح النادي,Sameeh al-Nadi,M,2023-10-01,2023-10-18,Al-Aqsa TV/ Radio,Journalist and Director,,4 Family Members Killed in Same Attack,Deir al-Balah,,
خليل أبو عاذرة,Khalil Abu Aathra,M,2023-10-01,2023-10-19,"Al-Aqsa TV
Al Aqsa Satellite Channe","Cameraman 
Photographer ",,along with his brother,Rafah ,Al-Nasr,
إيمان العقيلي,Iman al-Aqailai,F,2023-10-01,2023-10-20,Al-Aqsa Radio,Program host,,,Gaza City,,
محمد علي,Muhammad Ali,M,2023-10-01,2023-10-20,"Radio
Al-Shabab (Youth Radio)",Journalist,,,Jabalia Camp,,
عائد إسماعيل النجار,Ayed Ismail Al-Najjar,M,2023-10-01,2023-10-20,Unknown,Unknown,,4 Family Members Killed in Same Attack,,,
هاني المدهون,Hani al-Madhoun,M,2023-10-01,2023-10-21,Al-Aqsa TV,journalist,,"11 Family Members Killed in Same Attack
https://stopmurderingjournalists.com/martyrs/hani-al-madhoun-14",,,
رشدي السراج,Roshdi al-Sarraj,M,2023-10-01,2023-10-22," Ain Media"" agency
UNRWA","Editor-in-Chief, photojournalist 
photographer ",,,Gaza City,Tel al-Hawa,
مصعب محمد عاشور,Musab Mohammed Awni Ashour,M,2023-10-01,2023-10-23,Applied Science University,photographer ,,,Nuseirat,market,
محمد الشوربجي,Muhammad Muhammad Khaled Al-Shorbaji,M,2023-10-01,2023-10-23,Unknown,Journalist ,,,Khan Yunis ,,
محمد عماد لبد,Muhammad Labad,M,2023-10-01,2023-10-23,Al-Risalah Media Foundation,Journalist,,,Gaza City,Sheikh Radwan,
سلمى مخيمر,Salma Omar Mukhaime,F,2023-10-01,2023-10-24,freelance ,Journalist,,6 Family Members Killed in Same Attack,Rafah,,
زاهر زاهر محمد الافغاني,Zaher Zaher Muhammad Al-Afghani,M,2023-10-01,2023-10-25,Mithaq Media Network,photojournalist ,,,Deir al-Balah,,
أحمد أبو مهادي,Ahmed Abu Mhadi,M,2023-10-01,2023-10-25,Al-Aqsa Network/TV,Journalist editor,,,Central Gaza Strip,,
جمال الفقعاوي,Jamal Al-Faqaawi,M,2023-10-01,2023-10-25,Muthaq Media Foundation,Journalist ,,,Khan Yunis ,,
سائد حلبي,Saed Halabi,M,2023-10-01,2023-10-25,Al-Aqsa Network,Journalist editor,,,Jabalia Camp,,
دعاء شرف,Duaa Sharaf,F,2023-10-01,2023-10-26,Radio Al-Aqsa,journalist ,,A Family Member Killed in Same Attack,Al-Zawaida,,
محمد الحسني,Muhammad Alhasani,M,2023-10-01,2023-10-26,Rawasi Palestine Foundation,Editor-in-Chief,,,Gaza City,,
ياسر أبو ناموس,Yasser Abou Namous,M,2023-10-01,2023-10-27,Al Sahel Media Foundation,Journalist editor,,A Family Member Killed in Same Attack,Khan Yunis ,,
حذيفة النجار,Hthifah al-Najar,M,2023-10-01,2023-10-28,Freelancer,Unkown,,"two
members of his family were injured",Khan Yunis ,,
نظمي النديم,Nazim Al-Nadim,M,2023-10-01,2023-10-30,Palestine TV,"media worker 
 deputy director of finance and administration",,Several members of his family members were martyred,Gaza City,Zeitoun ,
عماد الوحيدي,Imad Al-Wahidi,M,2023-10-01,2023-10-30,Palestine TV,media worker and administrator,,,,,
ماجد أحمد كشكو,Majed Ahmad Kashko,M,2023-10-01,2023-10-30,Palestine TV,Journalist,,"78 Family Members Killed in Same Attack
https://stopmurderingjournalists.com/martyrs/majed-kashko-36
https://airwars.org/civilian-casualties/ispt0775a-october-30-2023/",Gaza City,Zeitoun ,
مجد فضل محمد عرندس,Majd Fadl Muhammad Arandas ,M,2023-11-01,2023-11-01,news website Al-Jamaheer,Journalist ,,Second strike on house he reached after frist strike ,Nuseirat,,
محمد ابو حطب,Muhammad Abu Hatab,M,2023-11-01,2023-11-02,Palestine TV,correspondent,Combatant,11 Family Members Killed in Same Attack,Khan Yunis,,https://x.com/MiddleEastBuka/status/1947945059887784137
محمد البياري,Muhammad Albiari,M,2023-11-01,2023-11-02,Al-Aqsa TV,correspondent ,,,Gaza City,,
اياد تايه جميل مطر,Eyad Tayeh Jamel Motar,M,2023-11-01,2023-11-02,Al-Aqsa TV,Journalist or a Administrative staff,,,Deir al-Balah,,
هيثم حرارة,Hitham Harara,M,2023-11-01,2023-11-03,Al-Rai Agency,Journalist editor,,airstrike on the entrance of the Shifa Medical Complex.,Gaza City,Rimal,
محمد غانم توفيق الجاجة, Mohammed Ghanem Tawfiq al-Jaja,M,2023-11-01,2023-11-05,Press House-Palestine,Media worker and organizational development consultant,,5 Family Members Killed in Same Attack,Gaza City,Al-Nasr,
محمد أبو حصيرة,Muhammad Abu Hassira,M,2023-11-01,2023-11-07,WAFA News Agency,Media worker,,42 Family Members Killed in Same Attack,Gaza City,Rimal,
يحيى أبو منيع,Yahya Abu Manih,M,2023-11-01,2023-11-07,Voice of Al-Aqsa Radio,correspondent ,,,Gaza City,,
أحمد القرا,Ahmed Al-Qara,M,2023-11-01,2023-11-10,"Al-Aqsa University, freelancer",Photojournalist,Combatant,,Khuza’a,,https://x.com/MiddleEastBuka/status/1947612763540308281
يعقوب البرش,Yaqoub Al-Barash,M,2023-11-01,2023-11-13,Namaa Radio,Photographer and executive director,,"3 Family Members Killed in Same Attack
This airstrike killed his father, brother Musa, Director at Namaa Radio, and an uncle",Jabalia,,
موسى البرش,Mousa al-Barash,M,2023-11-01,2023-11-13,Namaa Radio,general manager,,3 Family Members Killed in Same Attack,Jabalia,,
أحمد فطيمة,Ahmed Fatima,M,2023-11-01,2023-11-13,Al Qahera News TV,photographer ,,killed in an airstrike while covering the news at the entrance of Al-Shifa Hospital,Gaza City,Rimal,
محمود مطر,Mahmoud Matar,M,2023-11-01,2023-11-15,freelance ,journalist,,,Gaza City,,
حسونه ياسر حسونه سليم,Hassouna Yasser Hassouna Salim ,M,2023-11-01,2023-11-18,Quds News Agency,photojournalist ,,"killed along with his friend, journalist",Al-Bureij,,
ساري منصور,Sari Jamal Mansour,M,2023-11-01,2023-11-18,Quds News Agency,Photojournalist and Editor in-Chief,,"killed along with his friend, journalist",Al-Bureij ,,
عبد الحليم عوض,Abdel Halim Awad,M,2023-11-01,2023-11-18,Al-Aqsa TV,broadcast employee,,,Gaza City,,
مصطفى الصواف,Mustafa Al-Sawaf,M,2023-11-01,2023-11-18,freelancer,"journalist, writer",,"3 Family Members Killed in Same Attack
His two sons, who are also journalists, Montaser Al-Sawaf and Marwan Al-Sawaf, were critically wounded. Montaser passed away with his brother Marwan, two weeks later, after another stike on their home, on December 1 and 2, 2023. There were both journalists.",Gaza City,Shawa Square,
عمرو أبو حية,Amr Abu Hayya,M,2023-11-01,2023-11-18,Al-Aqsa TV,media worker in the broadcast department,,,,,
بلال جاد الله,Bilal Jadallah,M,2023-11-01,2023-11-19,Press House Foundation,journalist and Chairman of the Board of Directors,,"two civilians, including prominent journalist Bilal Jadallah, were killed in an alleged Israeli strike on a car on Salah al-Din Road",Gaza City,Zeitoun ,
آيات خضورة,Ayat Omar Khadoura,F,2023-11-01,2023-11-20,freelance ,journalist ,,6 Family Members Killed in Same Attack,Beit Lahia,,
علاء النمر,Alaa El-Din Atef Al-Nim,M,2023-11-01,2023-11-20,freelance ,journalist ,,,Gaza City,,
محمود مشتهى,Mahmoud Moshtaha,M,2023-11-01,2023-11-21,Sahel News Network,Editor,,,Gaza City,Shujaiya,
جمال هنية,Jamal Haniyeh,M,2023-11-01,2023-11-21,Amwaj Sports Radio,"sports journalist, Press editor ",,"was killed on November 21, with other family members and in-laws ",Gaza city,,
عاصم البرش,Assem Adly Al-Barsh,M,2023-11-01,2023-11-21,Al Rai,Sound Engineer,Combatant,,Jabalia,Al-Saftawi,https://x.com/MiddleEastBuka/status/1947648776279109890
محمد نبيل الزق,Mohammed Nabil Al-Zack,M,2023-11-01,2023-11-22,Al-Quds Today TV,"photographer , journalist and a social media manager",Combatant,,Gaza City,Shujaiya,https://x.com/MiddleEastBuka/status/1947712011887903203
محمد عياش,Mohammed Moeen Ayyash,M,2023-11-01,2023-11-23,Gaza Now, journalist and a freelance photographer,,20 Family Members Killed in Same Attack,Nuseirat,,
حذيفة لولو,Hudaifa Samir Lulu,M,2023-11-01,2023-11-24,Prisoners Radio,broadcast engineer,,6 Family Members Killed in Same Attack,,,
أمل زهد,Amal Zahd,F,2023-11-01,2023-11-24,collaborated with Al-Jazeera and Al Mayadeen,"journalist, freelance photographer",,,Gaza City,,
مصطفى كمال عبد القادر بكير,Mustafa Bakir,M,2023-11-01,2023-11-24,Al Aqsa TV,photographer and a cameraperson,,,,,
نادر محمود النزلي,Nader Mahmoud Al-Nazli,M,2023-11-01,2023-11-25,Palestine TV,decoration engineer,,"decoration engineer at the Broadcasting Authority.
under the rubble of his house with his family in Gaza Citya week after he was killed by an Israeli airstrike.",Gaza City,,
منتصر الصواف,Montaser Al-Sawaf,M,2023-12-01,2023-12-01,Al-Anadolou Agency,photographer,,"A Family Member Killed in Same Attack, drone strike",Gaza City,Al-Darj,
عبد الله درويش,Abdullah Darwish,M,2023-12-01,2023-12-01,Al-Aqsa TV,cameraman and press photographer,,,North Gaza Strip,,
محمد فرج الله,Muhammad Farajallah,M,2023-12-01,2023-12-02,freelance ,photojournalist,,,Jabalia,,
أدهم حسونة,Adham Hassouna,M,2023-12-01,2023-12-02,"freelance
Gaza and Al Aqsa universities","journalist 
media professor & doctor ",,A Family Member Killed in Same Attack,Gaza City,Shujaiya,
مروان الصواف,Marwan Mostafa Hosni Al Sawaf,M,2023-12-01,2023-12-02,Alef Multimedia Company and at Ain Media Agency, photographer and sound technician,,"A Family Member Killed in Same Attack, drone strike",Gaza City,Al-Darj,
حمادة اليازجي,Hamada Al-Yaziji,M,2023-12-01,2023-12-03,Kanaan News Agency and Al-Quds Radio, Editor and news editor,,34 Family Members Killed in Same Attack,Gaza City,Sheikh Radwan,
شيماء زياد خميس الجزار,Shaima Ziad Khamis Al-Jazzar,F,2023-12-01,2023-12-03,Magdat Rafah Media Network ,Journalist ,,12 Family Members Killed in Same Attack,Rafah,,
حسان فرج الله,Hassan Farajallah,M,2023-12-01,2023-12-03,"Al-Quds Al-Youm satellite channel
 Al-Quds TV",Journalist,,,,,
عبد الحميد القريناوي,Abdul Hamid Al-Qarnawi,M,2023-12-01,2023-12-04, Amwaj Sports Radio,Sports photographer,,,Nuseirat,,
حسام عمار,Hossam Omar Ammar,M,2023-12-01,2023-12-08,Unknown,Journalist ,,number of his family members were KILLED,Khan Yunis,,
دعاء الجبور,Duaa Al-Jabbour,F,2023-12-01,2023-12-09,"Freelance 
Oyoun Al-Ilam Network","Journalist , correspondent",,14 Family Members Killed in Same Attack,Khan Yunis,,
عُلا عطا الله,Ola Atallah,F,2023-12-01,2023-12-09,Anadolu Agency ,journalist,,9 Family Members Killed in Same Attack,Gaza City,Al-Darj,
محمد أبو سمرة,Muhammad Abu Samra,M,2023-12-01,2023-12-10,Unknown,Sports photographer,, by an Israeli sniper in southern Gaza City.,Gaza City,,
نرمين قواس,Narmeen Qawwas,F,2023-12-01,2023-12-11,Russia Today,journalist ,,3 Family Members Killed in Same Attack,Gaza city,,
حنان عيّاد,Hanan Ayyad,F,2023-12-01,2023-12-13,Freelance ,journalist ,,3 Family Members Killed in Same Attack,Gaza City,Shujaiya,
أحمد أبو عبسة,Ahmed Abu Absah,M,2023-12-01,2023-12-13,Unknown,Unknown,,"The dean of the Information Technology faculty at Palestine University
He was hit by a tank round on his way out after IDF let him go from 2-day imprisonment by them.",,,
عبد الكريم عودة,Abdul Karim Odeh,M,2023-12-01,2023-12-13,Al-Mayadeen,journalist ,,,Nuseirat,,
محمود سالم,Mahmoud Salem,M,2023-12-01,2023-12-14,Unknown,civil defense worker and photographer,,,,,
علي عاشور أبو مالك,Ali Ashour Abu Malik,M,2023-12-01,2023-12-15,Unknown,Unknown,,,,,
رامي بدير,Rami Badir,M,2023-12-01,2023-12-15,"New Press
magazine Hadaf News","reporter, journalist",,,Khan Yunis,,
سامر أبو دقة,Samer Abu Daqqa,M,2023-12-01,2023-12-15,Al Jazeera,camera operator,,United Nations school -Farahana School,Khan Yunis,,
مشعل أيمن نظمي شهوان,Mishaal Ayman Nazmi Shahwan,M,2023-12-01,2023-12-16,Freelance ,journalist,," Israeli warplanes bombed a group of citizens in a crowded residential area in the center of Khan Yunis city in the southern Gaza Strip, and Meshaal was among them, which led",Khan Yunis,,
عاصم كمال موسى,Assem Kamal Moussa,M,2023-12-01,2023-12-16,Palestine Now,journalist ,,,Khan Yunis,,
حنين علي حسن القشطان,Haneen Ali Hassan Al-Qashtan,F,2023-12-01,2023-12-17,Ahwal Al-Balad website,"journalist , editor",,She was killed in the 2023 with her family members in the bombing of her family home in the Nuseirat camp in Gaza,Nuseirat,,
عبد الله علوان,Abdullah Alwan,M,2023-12-01,2023-12-18,"Maidan, Mugtama magazine, and Al-Jazeera
radio host for the Islamic University’s Holy Quran Radio.",media worker and voice-over specialist,,,Jabalia,,
عادل أحمد محمد زعرب,Adel Ahmed Muhammad Zorob,M,2023-12-01,2023-12-19,"freelance, Al-Aqsa Voice Radio",journalist ,,13 Family Members Killed in Same Attack,Rafah,,
علاء سليمان حمد ابو معمر,Alaa Suleiman Hamad Abu Muammar,M,2023-12-01,2023-12-21,Unknown,Unknown,,23 Family Members Killed in Same Attack,Khan Yunis ,European area,
محمد محمد نصر كامل ابو هويدي,Muhammad Muhammad Nasr Kamel Abu Huwaidi,M,2023-12-01,2023-12-22,Al-Istiqlal Newspaper,Photojournalist ,,,,Shujaiya,
محمد رمضان خليفة,Muhammad Ramadan Khalifa,M,2023-12-01,2023-12-22,Al-Aqsa TV,media worker and director,,18 Family Members Killed in Same Attack,Nuseirat,,
محمد يونس صالح الزيتونية,Muhammad Yunus al-Zaytouniya,M,2023-12-01,2023-12-23,radio Al-Rai,Media worker and a sound engineer,,"2 Family Members Killed in Same Attack
His cousin, journalist Mohamad Al-Iff, was killed in the same strikes.",Gaza City,,
محمد عبد الخالق العف,Muhammad Abdalkhaliq Al-Aff,M,2023-12-01,2023-12-23,news agency Al-Rai,Journalist and photographer,,"2 Family Members Killed in Same Attack
His cousin, journalist Mohamad Al-Iff, was killed in the same strikes.",Gaza City,,
أحمد جمال المدهون,Ahmed Jamal al-Madhoun,M,2023-12-01,2023-12-23,news agency Al-Rai,Deputy director ,,,Gaza City,,
أحمد ماهر أحمد خير الدين,Ahmed Maher Ahmad Khair-Ad-Din,M,2023-12-01,2023-12-27,Al Quds Today TV,"Cameraman , reporter ",,12 Family Members Killed in Same Attack,Beit Lahia,,
محمد أحمد محمود خير الدين,Muhammad Ahmed Mahmoud Khair-Addin,M,2023-12-01,2023-12-27,Al-Aqsa TV,journalist ,,12 Family Members Killed in Same Attack,Beit Lahia,,
"نرمين نصر عبد الوهاب ابو جلهوم ""حبوش","Narmeen Nasr Abdulwahab Abu Jahloum ""Habboush""",F,2023-12-01,2023-12-30,PYALARA ,journalist editor,,2 Family Members Killed in Same Attack,Gaza City,,
جبر محمود جبر هدروس,Jabr Mahmoud Jabr Hadrous,M,2023-12-01,2023-12-30,Quds Al-Yawm,"Journalist , reporter",,7 Family Members Killed in Same Attack,Nuseirat,,
اكرم احمد خليل الشافعي,Akram Ahmed Khalil al-Shafi'i,M,2024-01-01,2024-01-05,Safa Press Agency,Journalist ,,died from injury ( in late October 2023),Southern Gaza Strip,,
علي سالم أبو عجوة,Ali Salem Abu Ajwa,M,2024-01-01,2024-01-07,Fourth Authority Agency,Photographer ,,"It is worth noting that the martyr Ali is the grandson of the martyr Ahmed Yassin, founder of the Islamic Resistance Movement (Hamas).", Gaza City ,,
مصطفى سعيد زهدي ثريا,Mustafa Saeed Zuhdi Thuraya,M,2024-01-01,2024-01-07,Agence France-Presse (AFP) (freelance),videographer,, drone strike on their car,Southern Gaza Strip,,
حمزة وائل حمدان الدحدوح,Hamza Wael Hamdan Al-Dahdouh,M,2024-01-01,2024-01-07,Al-Jazeera,journalist ,, drone strike on their car,Southern Gaza Strip,,
محمد مصباح ابو داير,Muhammad Misbah Abu Dayr,M,2024-01-01,2024-01-08,GMO,Photographer and produce,,"bombed the home of the Zahd family, ",Jabalia Camp,,
a,Abdullah Iyad Burais,M,2024-01-01,2024-01-08,Unknown,Unknown,,killed along with a number of his family members ,Khan Yunis,,
هبه فؤاد العبادلة,Hiba Fouad Al-Abadla,F,2024-01-01,2024-01-09, Al-Azhar Radio,broadcaster on a group of local radio stations ,,"She was killed on January 9, 2024 along with her mother and daughter Judy and several family members",Khan Yunis,,
فؤاد أحمد محسن أبو خماش,Fouad Ahmed Mohsen Abu Khammash,M,2024-01-01,2024-01-10,Palestinian Red Crescent,Photojournalist,,Killed along with 4 members of the Palestinian Red Crescent medical crews,Central Gaza Strip,,
شريف نافذ مصطفى عكاشة,Sharif Nafez Mustafa Okasha,M,2024-01-01,2024-01-10,Unknown,Unknown,,,,,
أحمد نعيم حسين بدير,Ahmed Na'im Hussein Badir,M,2024-01-01,2024-01-10, Bawabat al-Hadaf,journalist ,, in front of the journalists’ tent ,Deir al-Balah,,
محمد جمال صبحي الثلاثيني,Mohammed Jamal Subhi Al-Thalathini,M,2024-01-01,2024-01-11,Al-Quds Al-Youm,journalist ,,A Family Member Killed in Same Attack,Gaza City,,
يزن عماد الزويدي,Yazan Imad Al-Zuwaydi,M,2024-01-01,2024-01-14,Al-Ghad,Journalist and camera operator,,2 Family Members Killed in Same Attack,Beit Hanoun ,,
وائل رجب أبو فنونة,Wael Rajab Abu Fanouna,M,2024-01-01,2024-01-18,Al-Quds Today Channel,General Manager,,,Gaza City,,
كرم أحمد عطا أبو عجيرم,Karam Ahmed Atta Abu Ajiram,M,2024-01-01,2024-01-21,freelance ,journalist,,,Abasan al-Kabira,,
اياد أحمد سلمان الرواغ,Iyad Ahmed Salman Al-Rawagh,M,2024-01-01,2024-01-26,Al-Aqsa Voice Radio,journalist ,,4 Family Members Killed in Same Attack,Nuseirat,,
محمد عبد الفتاح رشيد عطاالله,Muhammad Ataallah,M,2024-01-01,2024-01-28,Al-Resalah news  website,Editor,,He was killed along with his family,Gaza City,Al-Shati,
 عصام حيدر هاشم اللولو, Issam Haidar Hashem al-Lulu,M,2024-01-01,2024-01-29,Palestine TV,TV Host ,,4 Family Members Killed in Same Attack,Al-Zawaida,,
رزق محمد غازي رشدي الغرابلي,Rizq Muhammad Ghazi Rushdi Al-Gharabli ,M,2024-02-01,2024-02-06,Palestinian Information Center,Director,,,Khan Yunis ,,
نافذ محارب محمود حمدان عبدالجواد,Nafez Muhareb Mahmoud Hamdan Abdul-Jawad,M,2024-02-01,2024-02-08,Palestine TV,Journalist ,,A Family Member Killed in Same Attack,Deir al-Balah,,
ياسر ممدوح يوسف الفاضي,Yasser Mamdouh Youssef Al-Fadi,M,2024-02-01,2024-02-11,Kanaan News,Journalist,,,Khan Yunis,,
الاء حسن احمود الهمص,Aalaa Hassan Hmoud Al-Homs,F,2024-02-01,2024-02-12,Palestine and Sanad Newspaper,Journalist,,"10 Family Members Killed in Same Attack (on December 2, 2023)",Rafah,Al-Geneina ,
أيمن الرفاتي,Ayman Al-Rafati,M,2024-02-01,2024-02-14,freelance,"writer, and political analyst",,5 Family Members Killed in Same Attack,Gaza City,Al Jalaa Street,
معتز مصطفى الغفري,Moataz Al-Ghafri,M,2024-02-01,2024-02-14,Ard Canaan website,Photojournalist ,,2 Family Members Killed in Same Attack,Gaza City,Sheikh Radwan,
مصعب محمد زايد ابو زايد,Musab Abu Zayd,M,2024-02-01,2024-02-15,Holy Quran Radio,Host and presenter,,with his family.,Nuseirat,,
محمد رسلان رشاد شنيوره,Muhammad Shanyoura,M,2024-02-01,2024-02-15,Unknown,Unknown,,,,,
زيد محمد زايد ابو زايد,Zayd Muhammad Abu Zayd,M,2024-02-01,2024-02-15,Holy Quran Radio,Director,,3 Family Members Killed in Same Attack,Nuseirat,,
محمد تشرين صبحي ياغي,Muhammad Tishreen Sobhi Yaghi,M,2024-02-01,2024-02-23,Al Jazeera Net,Photojournalist ,,36 Family Members Killed in Same Attack,Al-Zawaida,,
محمد خضر أحمد سلامة,Muhammad Khudr Salama,M,2024-03-01,2024-03-05,Al-Aqsa Satellite Channel,Broadcaster and journalist,, with a number of his family members,Deir al-Balah,,
عبدالرحمن علي محمد صايمه,Abdurrahman Ali Muhammad Sayma,M,2024-03-01,2024-03-14,Raqami TV,Producer ,,,Khan Yunis,,
محمد رشاد رشدي الريفي,Muhammad Rashad Rushdi Al-Rifi,M,2024-03-01,2024-03-15,Unknown,Photojournalist ,,,Gaza City,Kuwait Roundabout,
محمود عماد عطيه عيسى,Mahmoud Imad Atiyya Issa,M,2024-03-01,2024-03-20,Al Quds Today TV,Presenter,,,,,
ساهر أكرم ريان,Saher Akram Rayan ,M,2024-03-01,2024-03-25,Wafa news agency,Correspondent ,,A Family Member Killed in Same Attack while trying to rescue their wounded neighbours,Gaza City,,
محمد السيد إسماعيل أبو سخيل,Muhammad Al-Sayyed Ismail Abu Sakhil,M,2024-03-01,2024-03-28,Sawt Al Quds (Voice of Jerusalem) Radio,Broadcaster and editor ,,Shifa siege,Gaza City,Rimal,
عبد الوهاب عوني حامد ابو عون,Abdulwahab Ouni Muhammad Abu Oun,M,2024-03-01,2024-03-31,Unknown,photojournalist ,,2 Family Members Killed in Same Attack,Al-Maghazi,,
محمد عادل سيد ابو سخيل,Muhammad Adel Sayyed Abu Sakhil,M,2024-04-01,2024-04-01,Shams News Agency,Head of the editing department,,Shifa siege,Gaza City,Rimal,
طارق السيد اسماعيل ابو سخيل,Tariq Al-Sayyed Ismail Abu Sakhil,M,2024-04-01,2024-04-17,Sawt Al Quds (Voice of Jerusalem) Radio,Digital editor ,,Shifa siege,Gaza City,Rimal,
آمنة محمود حسن حميد,Amina Mahmoud Hassan Hamid,F,2024-04-01,2024-04-24,Unknown,Poet and editor,,2 Family Members Killed in Same Attack,Gaza City,Al-Shati,
محمد بسام احمد الجمل,Muhammad Bassam Ahmad Al-Jamal,M,2024-04-01,2024-04-25,"Falasteen Al-Aan
Al-Aqsa TV (Seraj TV)",photographer and montage technician ,,4 Family Members Killed in Same Attack,Rafah ,,
إبراهيم محمد عبد الله الغرباوي,Ibrahim Mohammed Abdullah Al-Gharbawi,M,2024-04-01,2024-04-26,freelance ,photojournalist,,A Family Member Killed in Same Attack,Khan Yunis,,
أيمن محمد عبد الله الغرباوي,Ayman Mohammed Abdullah Al-Gharbawi,M,2024-04-01,2024-04-26,freelance ,photojournalist,,A Family Member Killed in Same Attack,Khan Yunis,,
سالم حسني سالم ابو طيور,Salem Hosni Salem Abu Toyour,M,2024-04-01,2024-04-29,Al-Quds Today TV,Financial manager,,A Family Member Killed in Same Attack,Nuseirat,,
مصطفى حاتم عياد,Mustafa Hatem Ayyad,M,2024-05-01,2024-05-06,Al Jazeera Mubasher,photojournalist ,,,Gaza City,Zaytoun,
بهاء روحي محمود عكاشه,Bahaa Rouhi Mahmoud Okasha,M,2024-05-01,2024-05-11,Al-Aqsa Network (Seraj TV),Photojournalist ,,2 Family Members Killed in Same Attack,Jabalia camp,,
هائل ديب النجار,Ha'il al-Najjar,M,2024-05-01,2024-05-15,Al-Aqsa Media Network,editor and founding member,,3 Family Members Killed in Same Attack,Jabalia,,
محمود محمد جحجوح,Mahmoud Muhammad Jahjouj,M,2024-05-01,2024-05-16,Palestine Post (@PalpostN),Photojournalist ,,"along with his wife, children ",Gaza City,Sheikh Radwan,
"عُلا ""أم كرم"" عبدالوهاب خليل الدحدوح","Ola ""Umm Karam"" Abdul Wahab Khalil Al-Dahdouh",F,2024-05-01,2024-05-31, Sawt Al Watan radio,Editor and presenter,,"A Family Member Killed in Same Attack
Ola's husband, Abdelrahman Helles, and her infant son, Karam, were wounded in the airstrike.",Gaza City,,
دينا عبدالله محمود البطنيجي,Dina Abdullah Al-Batniji,F,2024-06-01,2024-06-09,Al-Thuraya Media Foundation,Journalist,,,,,
أحلام عزات مسعد العجله,Ahlam Izzat Mus'ad Al-Ajla,F,2024-06-01,2024-06-09,Assaada Al-Usariya (Family Happiness) magazine,Journalist,,,,,
عبدالله احمد يوسف الجمل,Abdullah Al-Jamal ,M,2024-06-01,2024-06-09,Palestine Now Agency,Journalist,,,,,
محمود اياد ابراهيم قاسم,Mahmoud Iyad Ibrahim Qasem,M,2024-06-01,2024-06-15,Felesteen,Journalist,,,,,
سليم محسن سليم الشرفا,Salem Mohsen Saleem Al-Sharafa ,M,2024-06-01,2024-06-21,Seraj TV,Program presenter and media,,,,,
محمد محمود أبو شريعة,Muhammad Mahmoud Abu Sharia,M,2024-07-01,2024-07-01,Shams News Agency,Editorial Department Manager,,killed 7 people ,Gaza City,Sabra,
محمد يوسف السكني,Muhammad Youssef Al-Sakani ,M,2024-07-01,2024-07-04,Al Quds Today TV,Correspondent ,,public gathering,Gaza City,Tuffah,
سعدي محمد سعدي مدوخ,Saadi Muhammad Saadi Madoukh,M,2024-07-01,2024-07-05,Al Jazeera News and the Turkish state broadcaster TRT,journalist and freelance camera operator,,,Gaza City,Al Daraj,
رزق باسم رزق ابو شكيان,Rizq Bassem Rizq Abu Shakian,M,2024-07-01,2024-07-06, Palestine Media Agency,Journalist and media professional,,4 Family Members Killed in Same Attack,Nuseirat,,
وفاء خالد شحده ابوضبعان,Wafaa Khaled Shahda Abu Dabaan,F,2024-07-01,2024-07-06, Islamic University Radio,Producer and presenter,,A Family Member Killed in Same Attack Resulted in the deaths of 10 martyrs,Nuseirat,,
أمجد عبدالرحيم عبدالقادر جحجوح,Amjad Abdulrahim Abdulqader Jahjouh,M,2024-07-01,2024-07-06, Palestine Media Agency,Journalist and media professional,,A Family Member Killed in Same Attack Resulted in the deaths of 10 martyrs,Nuseirat,,
اديب سكر,Adeeb Sukkar,M,2024-07-01,2024-07-06,Deep Shot Media Production Company,media professional,,A Family Member Killed in Same Attack Resulted in the deaths of 10 martyrs,Nuseirat,,
محمد منهل أبو عرمانة,Muhammad Munhel Abu Armana,M,2024-07-01,2024-07-13,Unknown,Unknown,,"Mawasi massacre where over 90 people were killed in the IDF's purported 
intentional repeated mass-casualty bombardment to eliminate Mohamed Deif.",Al-Mawasi,,
محمد عبد الله مشمش,Mohammad Abdullah Meshmesh,M,2024-07-01,2024-07-16,Sawt Al-Aqsa Radio,Program Director,,"targeting Al-Razi School in Nuseirat camp, central Gaza, which resulted in 23 martyrs and dozens of injuries.",Nuseirat,,
محمد أبو جاسر,Mohammed Abu Jasser,M,2024-07-01,2024-07-20,several media outlets,journalist ,,5 Family Members Killed in Same Attack,Jabalia,,
معتصم محمود غراب,Moatasim Mahmoud Abdulrahman Ghorab,M,2024-07-01,2024-07-21,Islamic University,journalist ,,5 Family Members Killed in Same Attack,Nuseirat,,
حيدر إبراهيم المصدر,Haider Ibrahim Al-Masdar,M,2024-07-01,2024-07-22,freelance,Media and political researcher,,tent,Deir al-Balah,,
رامي الريفي,Rami Iyad Al-Rifi,M,2024-07-01,2024-07-31, Al Jazeera,photojournalist,,with Ghoul,Gaza City,Al-Shati,
إسماعيل ماهر خميس الغول,Ismail Maher Khamis Al-Ghoul,M,2024-07-01,2024-07-31, Al Jazeera,correspondent,,with Rami,Gaza City,Al-Shati,
محمد عيسى أبو سعادة,Muhammad Issa Abu Saada,M,2024-08-01,2024-08-06,several media outlets,correspondent and field photojournalist,,3 Family Members Killed in Same Attack,,,
عبد الله ماهر أحمد السوسي,Abdullah Maher Ahmed Al-Sousi,M,2024-08-01,2024-08-09,Al-Aqsa TV,journalist editor,,4 Family Members Killed in Same Attack,Al-Mawasi,,
تميم أحمد أبو معمر,Tamim Ahmed Abu Muammar,M,2024-09-01,2024-08-09,"Palestinian Broadcasting Corporation’s “Voice of Palestine""",journalist and editor,,7 Family Members Killed in Same Attack,Khan Yunis,,
إبراهيم مروان سالم محارب, Ibrahim Marwan Salem Muhareb,M,2024-10-01,2024-08-19,several media outlets,Journalist and correspondent,,battle area,Khan Yunis,,
حمزة عبد الرحمن مصطفى مرتجى,Hamza Abdulrahman Mustafa Murtaja,M,2024-11-01,2024-08-20,freelance,photojournalist,,Mustafa Hafez School in western Gaza City.,Gaza City,Rimal,
حسام منال سعدي الدباكه,Hossam Manal Saadi Al-Dabaka,M,2024-12-01,2024-08-22,Al Quds TV,Photojournalist,,,,,
علي نايف حسن طعيمه,Ali Nayef Hassan Tuaima,M,2025-01-01,2024-08-26,Awdah Channel TV,Cameraman,,strike on a car along with four other.,Al-Mawasi,,
سمية عبد الفتاح عبد ربه,Sumaya Abdelfattah Abd-Rabbo,F,2025-02-01,2024-08-27,freelance,journalist,,Killed along with her journalist brother Muhammad,Nuseirat,,
محمد عبد الفتاح عبد ربه,Mohammad Abdelfattah Abd-Rabbo,M,2025-03-01,2024-08-27,Unknown,photojournalist,,Killed along with his journalist sister,Nuseirat,,
عبد الله عمر إسماعيل شكشك,Abdullah Omar Ismail Shakshak,M,2024-09-01,2024-09-14,several media outlets,Journalist,," ""quadcopter"" that shot",Rafah ,Kuwaiti Hospital,
محمد أبو شوقة,Muhammad Abu Shouqa,M,2024-09-01,2024-09-17,Unknown,Unknown,,19 Family Members Killed in Same Attack,Al-Bureij ,,
وفاء علي عبد ربه العديني, Wafa Ali Abd Rabbo Al-Udaini,M,2024-09-01,2024-09-30,several media outlets,Journalist,,3 Family Members Killed in Same Attack,Deir Al-Balah,al-Baraka,
عبد الرحمن خضر بحر,Abdurahman Khadr Bahr,M,2024-10-01,2024-10-06,Ajil Palestine Agency (aka Palestine Breaking News),Photographer,,,Gaza City,,
حسن عبد الرحيم علي حمد,Hassan Adburrahim Ali Hamad,M,2024-10-01,2024-10-06, Al Jazeera and Anadolu Agency,reporter,,,North Gaza Strip,,
عمر خليل البلعاوي,Omar Khalil Al-Balaawi,M,2024-10-01,2024-10-09,Unknown,Journalist ,,,Gaza City,Sheikh Radwan,
محمد روحي مصطفى الطناني,Mohammed Rouhi Mustafa Al-Tanani ,M,2024-10-01,2024-10-09,"Al Aqsa Channel (""Seraj TV"")",Cameraman ,,His colleague correspondent Tamer Lubbad (تامر لبد) was injured in the same Israeli attack.,Jabalia Camp,,
أيمن محمد الرويشد,Ayman Muhammed Ruwaished,M,2024-10-01,2024-10-14,"Al Aqsa Channel (""Seraj TV"")",Cameraman,,,Jabalia Camp,,
نادية عماد السّيد,Nadia Imad Al-Sayed,F,2024-10-01,2024-10-27,various local Gaza radio stations,Producer and presenter,,Asmaa Bint Abi Bakr UNRWA school,Gaza City,Al-Shati,
حمزة أبو سلميّة,Hamza Abu Salmiya,M,2024-10-01,2024-10-27,Sanad News Agency,Journalist and editoR,,Asmaa Bint Abi Bakr UNRWA school,Gaza City,Al-Shati,
سائد رضوان,Saed Ridwan,M,2024-10-01,2024-10-27,Al-Aqsa TV,journalist and manager of the digital media department,,Asmaa Bint Abi Bakr UNRWA school,Gaza City,Al-Shati,
حنين بارود,Haneen Baroud,F,2024-10-01,2024-10-27, Al-Quds Foundation,Media professional and journalist,,Asmaa Bint Abi Bakr UNRWA school,Gaza City,Al-Shati,
عمرو ناهض أبو عودة,Amro Nahed Abu Ouda,M,2024-10-01,2024-10-31,Unknown,Photojournalist,,,Gaza City,Al-Shati,
بلال محمد رجب,Bilal Muhammad Rajab,M,2024-11-01,2024-11-01,Al-Quds Al-Yawm TV ,Photojournalist,,along with two other people.,Gaza City,,
براء علي دغيش,Baraa Ali Daghiyesh,M,2024-11-01,2024-11-02,freelance ,journalist ,,11 member of Al-Assar family,Nuseirat,,
خالد وليد محمود ابوزر,Khaled Walid Mahmoud Abu Zarr,M,2024-11-01,2024-11-08,Sawt Al-Shabab radio, Sports journalist and sport correspondent,,,Jabalia,,
أحمد محمد أبو سخيل,Ahmad Mohammad Abu Sakhil,M,2024-11-01,2024-11-09,Al-Elamya News,photojournalist,Combatant,2 Family Members Killed in Same Attack,Gaza City,Tuffah ,https://x.com/MiddleEastBuka/status/1948063460690149871
الزهراء محمد أبو سخيل,Al-Zahraa Mohammad Abu Sakhil,F,2024-11-01,2024-11-09,Al-Elamya News,correspondent,Collateral Damage,2 Family Members Killed in Same Attack,Gaza City,Tuffah ,https://x.com/MiddleEastBuka/status/1948063460690149871
محمد عبد العزيز خريس,Mohammad Abdulaziz Khurais,M,2024-11-01,2024-11-10,Unknown,Photojournalist,,2 Family Members Killed in Same Attack,Nuseirat ,,
مهدي حسن المملوك,Mahdi Hassan Al-Mamluk,M,2024-11-01,2024-11-11,Al-Quds Al-Yawm TV,broadcast engineer,,,Gaza City,,
محمد صالح الشريف,Mohammad Saleh Al-Sharif,M,2024-11-01,2024-11-16,Unknown,Unknown,,A Family Member Killed in Same Attack,Beit Lahia ,,
أحمد يوسف أبو شريعة,Ahmad Yousef Abu Sharia,M,2024-11-01,2024-11-19,,photojournalist ,,A Family Member Killed in Same Attack,Gaza City,Sabra,
عبد الرحيم عبد ربه الطهراوي,Abd-Rabbo Al-Tahrawi,M,2024-11-01,2024-11-20,Unknown,Unknown,,alongside his colleague Mahmoud Al-Khatib while they were crossing Al-Thawra Street,Gaza City,Rimal,
محمود سعيد الخطيب,Mahmoud Saeed Al-Khatib,M,2024-11-01,2024-11-20,Unknown,Unknown,,alongside his colleague while they were crossing Al-Thawra Street,Gaza City,Rimal,
وائل إبراهيم أبو قفة,Wael Ibrahim Abu Quffa,M,2024-11-01,2024-11-22,"Holy Quran Educational Radio - Voice of the Islamic University.
 Department of Journalism and Media at the Islamic University of Gaza","journalist
Lecturer",, Family Member Killed in Same Attack,Nuseirat,,
مهند محمد خالد,Muhannad Mohammad Khaled,M,2024-11-01,2024-11-23,Unknown,Unknown,,5 Family Members Killed in Same Attack,Nuseirat,Camp 5,
علاء فوزي برهوم,Alaa Fawzi Barhoum,M,2024-11-01,2024-11-27,several media outlets,Journalist,,"Al-Tabi'in school
Israeli journalists confirmed that he and his brother were intentionally targeted because they're the sons of Hamas polit-bureau member Fawzi Barhoum.",Gaza City,,
ممدوح إبراهيم قنيطة,Mamdouh Ibrahim Qanita,M,2024-11-01,2024-11-27,"Al Aqsa Channel (""Seraj TV"")",Editor and journalist,,Quadcopter targeting directly,Gaza City,,
ميسرة أحمد صلاح,Maysara Ahmad Salah,M,2024-12-01,2024-12-01,Quds News Network,Journalist at the editing and design department ,,the Awni Al-Harthani School in Beit Lahia,Beit Lahia,,
إيمان حاتم الشنطي,Eman Hatem Al-Shanti (Abed) ,F,2024-12-01,2024-12-11,Sawt Al-Aqsa Radio,Radio host,,4 Family Members Killed in Same Attack,Gaza City,Sheikh Radwan,
شادي السلفيتي,Shadi Al-Salfiti,M,2024-12-01,2024-12-13,Unknown,Unknown,,,Gaza City,,
محمد جبر ضبعان القريناوي,Mohammad Jabr Dab'aan Al-Qarinawi,M,2024-12-01,2024-12-14,Snd news agency,Editor,,,Al-Bureij ,,
محمد حامد بعلوشة,Mohammad Hamed Baalousha,M,2024-12-01,2024-12-14,Al-Mashhad channel,Correspondent ,,,Gaza City,Sheikh Radwan,
أحمد بكر اللوح,Ahmad Bakr Al-Louh,M,2024-12-01,2024-12-15,Al Jazeera,Cameraman,,Killed along with five members of the Palestinian Civil Defense,Nuseirat ,,
حازم أبو عرقوب,Hazem Abu Arqoub,M,2024-12-01,2024-12-21,Unknown,Unknown,,,Khan Yunis,,
 أيمن نهاد عبدالرحمن الجدي,Ayman Nihad Abdurahman Al-Gedi,M,2024-12-01,2024-12-26,Al-Quds Today TV,Journalist,,the vehicle on fire killing 5 members of Al-Quds Today TV's staff.,Nuseirat,,
فيصل ابو القمصان,Faysal Abu Al-Qumsan,M,2024-12-01,2024-12-26,Al-Quds Today TV,Correspondent ,,the vehicle on fire killing 5 members of Al-Quds Today TV's staff.,Nuseirat,,
فادي حسونة,Fadi Hassouna,M,2024-12-01,2024-12-26,Al-Quds Today TV,Video editor,,the vehicle on fire killing 5 members of Al-Quds Today TV's staff.,Nuseirat,,
إبراهيم جمال إبراهيم الشيخ علي,Ibrahim Jamal Ibrahim Al-Sheikh Ali,M,2024-12-01,2024-12-26,Al-Quds Today TV,Journalist ,,the vehicle on fire killing 5 members of Al-Quds Today TV's staff.,Nuseirat,,
محمد إياد اللدعة, Muhammad Iyad Al-Lada'a,M,2024-12-01,2024-12-26,Al-Quds Today TV,Video editor,,the vehicle on fire killing 5 members of Al-Quds Today TV's staff.,Nuseirat,,
حسن القيشاوي,Hassan Al-Qishawi,M,2025-01-01,2025-01-02,Unknown,journalist,,,Gaza City,,
أريج شاهين,Areej Shaheen,M,2025-01-01,2025-01-03,Unknown,Photojournalist,,A Family Member Killed in Same Attack,Nuseirat,,
عمر صلاح صالح الديراوي,Omar Salah Saleh Al-Dirawi,M,2025-01-01,2025-01-03,Martyrs of Al-Aqsa Hospital,photojournalist,,3 Family Members Killed in Same Attack,Al-Zawaida,,
سائد ابو نبهان,Saed Abu Nabhan,M,2025-01-01,2025-01-10,"Al-Ghad TV
Anadolu","photojournalist 
cameraman ",,small arms fire,Nuseirat,,
أحلام نافذ التلولي,Ahlam Al-Talouli,M,2025-01-01,2025-01-13,Tahreer Press  Drop Site News and B'Tselem,Photojournalist ,,,Gaza City,,
محمد بشير التلمس,Muhammad Bashir Al-Talmas,M,2025-01-01,2025-01-14,Palestinian Press Agency (Safa),Editor,,,Gaza City,Sheikh Radwan,
أحمد الشياح,Ahmad Al-Shayyah,M,2025-01-01,2025-01-15,Al Jazeera and Quds Press Agency,Reporter,,,Al-Mawasi,,
أحمد هشام زهدي ابو الروس,Ahmed Hisham Zahdi Abu Al-Rous,M,2025-01-01,2025-01-15,Assulta Arrabaa (Fourth Estate),Reporter and photographe,,car five people,Nuseirat,,
آلاء أسعد هاشم,Alaa Asaad Hashem,F,2025-03-01,2025-03-14,Unknown,Unknown,, injuries sustained in a previous Israeli airstrike,,,
بلال محمد خليل أبو مطر,Bilal Muhammad Khalil Abu Matar,M,2025-03-01,2025-03-15,Unknown,video editor,, two successive airstrikes against a vehicle carrying a crew of journalists and aid workers,Beit Lahia,,
محمود يحيى السراج,Mahmoud Yahya Al-Sarraj,M,2025-03-01,2025-03-15,Unknown,photographer,, two successive airstrikes against a vehicle carrying a crew of journalists and aid workers,Beit Lahia,,
محمود سمير اسليم البسوس,Mahmoud Sameer Slayem Al-Basos,M,2025-03-01,2025-03-15,"Anadolu Agency
Reuters ",Drone journalist,, two successive airstrikes against a vehicle carrying a crew of journalists and aid workers,Beit Lahia,,
حسام التيتي,Husam Al-Titi,M,2025-03-01,2025-03-19,ABC News,sound engineer OR Journalist ,,2 Family Members Killed in Same Attack,Deir al Balah,,
حسام باسل شبات,Hossam Basel Shabat,M,2025-03-01,2025-03-24,"Al Jazeera Mubasher 
Drop Site News",Reporter,,targeting his car,Beit Lahia,,
محمد عماد منصور,Mohammad Imad Mansour,M,2025-03-01,2025-03-24,"Palestine Today TV
Asahi Shimbun",Correspondent ,,,Khan Yunis,,
محمد صالح البردويل,Muhammad Salih Muhammad al-Bardawil,M,2025-03-01,2025-03-31,Al-Aqsa Voice Radio,Radio anchor,,4 Family Members Killed in Same Attack,Khan Yunis,,
يوسف حسونة,Youssef Hassouna,M,2025-04-01,2025-04-03,Agence France Presse (AFP),Photojournalist ,,Dar al-Arqam school,Khan Yunis,,
إسلام نصر الدين مقداد,Islam Nasruddin Miqdad,F,2025-04-01,2025-04-06,freelance,journalist,,15 people.,Khan Yunis,Amal,
حلمي محمود الفقعاوي,Hilmi Mahmoud Al-Faqaawi,M,2025-04-01,2025-04-07,Palestine Today TV,journalist,,tents next to the Nasser Medical Complex,Khan Yunis,,
احمد روحي منصور,Ahmed Rouhi Mansour,M,2025-04-01,2025-04-07,Palestine Today TV, editor and Correspondent,,tents next to the Nasser Medical Complex,Khan Yunis,,
فاطمه رائد محمد حسونه,Fatima Raed Muhammad Hassouna,F,2025-04-01,2025-04-16,"Untold Palestine, Mondoweiss and The Guardian",Photojournalist,,9 Family Members Killed in Same Attack,Gaza City,,
تامر انصيو,Tamer Nsiyo,M,2025-04-01,2025-04-18,Unknown,Unknown,,6 Family Members Killed in Same Attack,Gaza City,Tal al-Zaatar,
سعيد امين سعيد ابوحسنين,Saeed Amin Saeed Abu Hassanein,M,2025-04-01,2025-04-23,Sawt al-Aqsa Radio,Sound engineer,,2 Family Members Killed in Same Attack,Deir al-Balah,,
مروة وائل عياد,Marwa Wael Ayyad,F,2025-05-01,2025-05-05,"Nuseirat News Network, a local Telegram channel",Admin,,along with her uncle and six other people,Nuseirat,,
يحيى منير أسعد صبيح,Yahya Munir As'ad Sobeih,M,2025-05-01,2025-05-07,Palestine Post,Correspondent ,,over 30 people were killed.,Gaza City,,
نور الدين مطر عبدو,Noor al-Din Matar Abdu,M,2025-05-01,2025-05-07,"Al-Rai Radio
Al-Sharq News Agency",Correspondent ,, Al-Karama School ,Gaza City,Al-Tuffah,
حسن عبد الفتاح محمد اصليح,Hassan Abdul-Fattah Muhammad Eslayeh,M,2025-05-01,2025-05-13, Alam24 News agency,Reporter and Director ,,,Khan Yunis,,
أحمد أنور عبد الهادي الحلو,Ahmad Anwar Abdulhadi Al-Helou,M,2025-05-01,2025-05-15,Quds News Network,Video editor and designer,,A Family Member Killed in Same Attack,Khan Yunis,,
حسن محمد مرزوق سمور,Hassan Muhammad Marzouq Sammour,M,2025-05-01,2025-05-15,Sawt al-Aqsa (Voice of Al-Aqsa) Radio,Anchor ,,11 Family Members Killed in Same Attack,Bani Suheila,,
أحمد الزيناتي,Ahmad Al-Zainati,M,2025-05-01,2025-05-18,Unknown,Photographer ,,3 Family Members Killed in Same Attack,Al-Mawasi,,
عبد العزيز محمد إبراهيم الحجار,Abdulaziz Muhammad Ibrahim Al-Hajjar,M,2025-05-01,2025-05-18,Unknown,Photographer,,3 Family Members Killed in Same Attack,North Gaza Strip,Al-Saftawi,
عبد الرحمن توفيق العبادلة,Abdul-Rahman Tawfiq Al-Abadla,M,2025-05-01,2025-05-18,Al-Nahar News Agency,Photojournalist ,,,Al-Qarara,,
خالد أبو سيف,Khaled Abu Sayf,M,2025-05-01,2025-05-18,Unknown,Unknown,,2 Family Members Killed in Same Attack + WIFE JOURNALIST, Deir al-Balah,,
نور قنديل,Noor Qindil,F,2025-05-01,2025-05-18,Al-Thuraya Media,Journalist ,,2 Family Members Killed in Same Attack + HUSBAND, Deir al-Balah,,
محمد أمين أبو دقة,Mohammad Amin Abu Daqqa,M,2025-05-01,2025-05-20,Noor Media Network,Director ,Combatant,,Abasan al-Kabira,,https://x.com/MiddleEastBuka/status/1933169143898833267
بلال ماهر الحاطوم,Bilal Maher Al-Hatoum,M,2025-05-01,2025-05-23,Sawt Al-Aqsa radio,Radio engineer,,,North Gaza Strip,Al-Saftawi,
حسان مجدي أبو وردة,Hassaan Majdi Abu Warda,M,2025-05-01,2025-05-25,Barq Gaza press agency,Director,,4 Family Members Killed in Same Attack,Jabalia,,
معتز محمد رجب,Moataz Muhammad Rajab,M,2025-05-01,2025-05-28,Al-Quds Today TV,Photographer,,along with three,Gaza City,,
يوسف حماد النخالة,Yousef Hamad Al-Nakhala,M,2025-05-01,2025-05-31,National Media Company,Satellite broadcast engineer,,,,,
